소속사명,현장명
삼일,김포
삼일,여주점봉
KC산업,커플러
SK하이닉스,광주삼동
삼표피앤씨,용인왕산2블럭
삼표피앤씨,고향장항
삼표피앤씨,안성CDC물류센터
삼표피앤씨,동진PCE
삼표피앤씨,송도4차
삼표피앤씨,청주하이닉스
동부건설,동부건설 동탄 파크릭스
삼표피앤씨,울산샤인
삼표피앤씨,송도센터파크힐스테이트
삼표피앤씨,익산마동
삼표피앤씨,여주공장
삼표피앤씨,당진익산
삼표산업,청량리 롯데건설
지피씨,공덕 자이
한성PC,김포케이원
삼표피앤씨,이천중리
삼표피앤씨,동탄파크릭스
아이에스동서,부산세그먼트
삼표피앤씨,송도2차및3차
삼표산업,속초힐스
삼표피앤씨,부천일루미스테이트
삼표피앤씨,용인둔전힐스테이트
아이에스동서,잠실전력구
삼표피앤씨,화성봉담
우미건설,기타
삼표피앤씨,여수죽림2블럭 균열
지피씨,안성일죽동원물류
삼표피앤씨,용인 y1  IBL CUB
삼표피앤씨,파주운정GTX
삼표피앤씨,오산로지폴리스
케이씨산업,반포래미안
우미건설,인천주안힐스테이트
삼표피앤씨,창원더퍼스트
삼표피앤씨,대전도마
삼표피앤씨,대전도안리버파크
삼표피앤씨,디에이치방배
아이에스동서,이천공장
삼표피앤씨,포항환호공원2BL
삼표피앤씨,포항환호공원1BL
삼일,일산현장
삼표산업,국민대보건설시흥정왕행복주택
삼표피앤씨,개포1단지
한성,한성이천중리
삼표피앤씨,창원마크로엔
아이에스동서,용인Y1wwt
삼표피앤씨,세종가은마을
삼표산업,영등포디그니티
삼표피앤씨,광주신용더리버
삼표피앤씨,순천덕암
아이에스동서,용인 y1  IBL CUB2
삼표피앤씨,당진힐스테이트
삼표산업,테라시흥시청1차기성
삼일,인천검단
삼일,인천검단2
삼표피앤씨,힐스테이트레이크송도4차
삼표피앤씨,서대구힐스테이트